{
    "metrics": [
        "rmse",
        "sensitivity",
        "specificity",
        "wmape_safe",
        "wmape_exceedance"
    ],
    "exceedance_threshold": 280,
    "precautionary_threshold": 140,
    "results": {
        "fold_results": {
            "fold_1": {
                "TP": 17,
                "FP": 14,
                "TN": 213,
                "FN": 12,
                "rmse": 455.6325290368786,
                "rmse_safe": 243.24469522339817,
                "rmse_exceedance": 1170.2449571159384,
                "wmape_safe": 218.93376793363745,
                "wmape_exceedance": 67.76327866480932,
                "sensitivity": 0.5862068965517241,
                "specificity": 0.9383259911894273
            },
            "fold_2": {
                "TP": 22,
                "FP": 8,
                "TN": 291,
                "FN": 12,
                "rmse": 607.3796583693788,
                "rmse_safe": 151.5982194661169,
                "rmse_exceedance": 1846.9006026556794,
                "wmape_safe": 217.3927805078407,
                "wmape_exceedance": 66.59205464322778,
                "sensitivity": 0.6470588235294118,
                "specificity": 0.9732441471571907
            },
            "fold_3": {
                "TP": 18,
                "FP": 36,
                "TN": 385,
                "FN": 19,
                "rmse": 613.8851327614904,
                "rmse_safe": 244.89025172529193,
                "rmse_exceedance": 1995.614650637872,
                "wmape_safe": 332.17363866755034,
                "wmape_exceedance": 78.8686753791552,
                "sensitivity": 0.4864864864864865,
                "specificity": 0.9144893111638955
            },
            "overall": {
                "TP": 57,
                "FP": 58,
                "TN": 889,
                "FN": 43,
                "rmse": 577.0130848481812,
                "rmse_safe": 219.31699194921785,
                "rmse_exceedance": 1740.8096587770856,
                "wmape_safe": 266.7817439799804,
                "wmape_exceedance": 71.2453170800087,
                "sensitivity": 0.57,
                "specificity": 0.938753959873284
            }
        },
        "fold_predictions": "Saved to evaluation_results_fold_predictions.csv",
        "fold_predictions_summary": {
            "shape": [
                1047,
                4
            ],
            "columns": [
                "predictions",
                "DateTime",
                "SITE_NAME",
                "Enterococci"
            ]
        }
    }
}