{
    "metrics": [
        "rmse",
        "sensitivity",
        "specificity",
        "wmape_safe",
        "wmape_exceedance"
    ],
    "exceedance_threshold": 280,
    "precautionary_threshold": 140,
    "results": {
        "fold_results": {
            "fold_1": {
                "TP": 17,
                "FP": 16,
                "TN": 211,
                "FN": 12,
                "rmse": 450.5007395351065,
                "rmse_safe": 224.46939221700694,
                "rmse_exceedance": 1182.0160634411384,
                "wmape_safe": 219.36102261246526,
                "wmape_exceedance": 66.78064798385093,
                "sensitivity": 0.5862068965517241,
                "specificity": 0.9295154185022027
            },
            "fold_2": {
                "TP": 21,
                "FP": 9,
                "TN": 290,
                "FN": 13,
                "rmse": 600.9827939549696,
                "rmse_safe": 165.58816408980863,
                "rmse_exceedance": 1815.5750467896685,
                "wmape_safe": 236.31668858892579,
                "wmape_exceedance": 67.36889182511,
                "sensitivity": 0.6176470588235294,
                "specificity": 0.9698996655518395
            },
            "fold_3": {
                "TP": 20,
                "FP": 39,
                "TN": 382,
                "FN": 17,
                "rmse": 614.2519295745706,
                "rmse_safe": 244.9014858548911,
                "rmse_exceedance": 1996.9955927410133,
                "wmape_safe": 327.81909509305046,
                "wmape_exceedance": 78.79943307336602,
                "sensitivity": 0.5405405405405406,
                "specificity": 0.9073634204275535
            },
            "overall": {
                "TP": 58,
                "FP": 64,
                "TN": 883,
                "FN": 42,
                "rmse": 574.0607286193837,
                "rmse_safe": 217.7119099358235,
                "rmse_exceedance": 1732.478030092775,
                "wmape_safe": 270.58336003353554,
                "wmape_exceedance": 71.31102896935478,
                "sensitivity": 0.58,
                "specificity": 0.9324181626187962
            }
        },
        "fold_predictions": "Saved to evaluation_results_fold_predictions.csv",
        "fold_predictions_summary": {
            "shape": [
                1047,
                4
            ],
            "columns": [
                "predictions",
                "DateTime",
                "SITE_NAME",
                "Enterococci"
            ]
        }
    }
}