{
    "metrics": [
        "rmse",
        "sensitivity",
        "specificity",
        "wmape_safe",
        "wmape_exceedance"
    ],
    "exceedance_threshold": 280,
    "precautionary_threshold": 140,
    "results": {
        "fold_results": {
            "fold_1": {
                "TP": 15,
                "FP": 23,
                "TN": 204,
                "FN": 14,
                "rmse": 478.75107294266195,
                "rmse_safe": 296.77793950098334,
                "rmse_exceedance": 1154.9347048269842,
                "wmape_safe": 287.31129132875856,
                "wmape_exceedance": 65.59769898658638,
                "sensitivity": 0.5172413793103449,
                "specificity": 0.8986784140969163
            },
            "fold_2": {
                "TP": 23,
                "FP": 11,
                "TN": 288,
                "FN": 11,
                "rmse": 722.9320408833294,
                "rmse_safe": 149.0727752062472,
                "rmse_exceedance": 2218.8460832550936,
                "wmape_safe": 199.58108916816278,
                "wmape_exceedance": 73.35627493376374,
                "sensitivity": 0.6764705882352942,
                "specificity": 0.9632107023411371
            },
            "fold_3": {
                "TP": 26,
                "FP": 31,
                "TN": 390,
                "FN": 11,
                "rmse": 693.9010884297685,
                "rmse_safe": 455.42100279436306,
                "rmse_exceedance": 1897.420183130598,
                "wmape_safe": 405.5523613963039,
                "wmape_exceedance": 76.48347027803571,
                "sensitivity": 0.7027027027027027,
                "specificity": 0.9263657957244655
            },
            "overall": {
                "TP": 64,
                "FP": 65,
                "TN": 882,
                "FN": 36,
                "rmse": 657.9455681001408,
                "rmse_safe": 346.8929626854919,
                "rmse_exceedance": 1841.9590793500272,
                "wmape_safe": 312.0651602732528,
                "wmape_exceedance": 72.66776698300761,
                "sensitivity": 0.64,
                "specificity": 0.9313621964097148
            }
        },
        "fold_predictions": "Saved to evaluation_results_fold_predictions.csv",
        "fold_predictions_summary": {
            "shape": [
                1047,
                13
            ],
            "columns": [
                "q_0.05",
                "q_0.3",
                "q_0.5",
                "q_0.7",
                "q_0.8",
                "q_0.9",
                "q_0.92",
                "q_0.95",
                "q_0.98",
                "predictions",
                "DateTime",
                "SITE_NAME",
                "Enterococci"
            ]
        }
    }
}