{
    "metrics": [
        "rmse",
        "sensitivity",
        "specificity",
        "wmape_safe",
        "wmape_exceedance"
    ],
    "exceedance_threshold": 280,
    "precautionary_threshold": 140,
    "results": {
        "fold_results": {
            "fold_1": {
                "TP": 17,
                "FP": 15,
                "TN": 212,
                "FN": 12,
                "rmse": 430.86732604969086,
                "rmse_safe": 223.16061085116684,
                "rmse_exceedance": 1117.5835024082116,
                "wmape_safe": 209.5408597845959,
                "wmape_exceedance": 63.158296591150524,
                "sensitivity": 0.5862068965517241,
                "specificity": 0.933920704845815
            },
            "fold_2": {
                "TP": 23,
                "FP": 8,
                "TN": 291,
                "FN": 11,
                "rmse": 594.7820632533549,
                "rmse_safe": 138.96251211343085,
                "rmse_exceedance": 1815.2144231599334,
                "wmape_safe": 209.84733570839873,
                "wmape_exceedance": 66.33002914234018,
                "sensitivity": 0.6764705882352942,
                "specificity": 0.9732441471571907
            },
            "fold_3": {
                "TP": 24,
                "FP": 45,
                "TN": 376,
                "FN": 13,
                "rmse": 611.9850607165577,
                "rmse_safe": 242.89403318600523,
                "rmse_exceedance": 1991.1617210575746,
                "wmape_safe": 338.4964670125858,
                "wmape_exceedance": 78.14735946803367,
                "sensitivity": 0.6486486486486487,
                "specificity": 0.8931116389548693
            },
            "overall": {
                "TP": 64,
                "FP": 68,
                "TN": 879,
                "FN": 36,
                "rmse": 567.2217344629693,
                "rmse_safe": 210.38649266698857,
                "rmse_exceedance": 1717.3984229304674,
                "wmape_safe": 264.6326490417039,
                "wmape_exceedance": 69.80934053826307,
                "sensitivity": 0.64,
                "specificity": 0.928194297782471
            }
        },
        "fold_predictions": "Saved to evaluation_results_fold_predictions.csv",
        "fold_predictions_summary": {
            "shape": [
                1047,
                4
            ],
            "columns": [
                "predictions",
                "DateTime",
                "SITE_NAME",
                "Enterococci"
            ]
        }
    }
}