{
    "metrics": [
        "rmse",
        "sensitivity",
        "specificity",
        "wmape_safe",
        "wmape_exceedance"
    ],
    "exceedance_threshold": 280,
    "precautionary_threshold": 140,
    "results": {
        "fold_results": {
            "fold_1": {
                "TP": 3,
                "FP": 14,
                "TN": 213,
                "FN": 26,
                "rmse": 577.4128308383484,
                "rmse_safe": 194.76997582710715,
                "rmse_exceedance": 1626.7219502220353,
                "wmape_safe": 301.8560138575719,
                "wmape_exceedance": 88.59456995750888,
                "sensitivity": 0.10344827586206896,
                "specificity": 0.9383259911894273
            },
            "fold_2": {
                "TP": 8,
                "FP": 14,
                "TN": 285,
                "FN": 26,
                "rmse": 891.6422186941727,
                "rmse_safe": 192.81758778840566,
                "rmse_exceedance": 2731.2311312826137,
                "wmape_safe": 368.49079442305117,
                "wmape_exceedance": 90.22625637990237,
                "sensitivity": 0.23529411764705882,
                "specificity": 0.9531772575250836
            },
            "fold_3": {
                "TP": 6,
                "FP": 30,
                "TN": 391,
                "FN": 31,
                "rmse": 623.6192294331072,
                "rmse_safe": 170.67853652556136,
                "rmse_exceedance": 2117.1909774085125,
                "wmape_safe": 307.29817400339084,
                "wmape_exceedance": 88.1749340768158,
                "sensitivity": 0.16216216216216217,
                "specificity": 0.9287410926365796
            },
            "overall": {
                "TP": 17,
                "FP": 58,
                "TN": 889,
                "FN": 83,
                "rmse": 710.2820152194921,
                "rmse_safe": 183.79994217016517,
                "rmse_exceedance": 2227.5998653923466,
                "wmape_safe": 323.68091809298704,
                "wmape_exceedance": 89.1147631234828,
                "sensitivity": 0.17,
                "specificity": 0.938753959873284
            }
        },
        "fold_predictions": "Saved to evaluation_results_fold_predictions.csv",
        "fold_predictions_summary": {
            "shape": [
                1047,
                4
            ],
            "columns": [
                "predictions",
                "DateTime",
                "SITE_NAME",
                "Enterococci"
            ]
        }
    }
}